{
  "bookmarks": [
    {
      "id": "511939122",
      "name": "GitHub - pmcintyre3/obsidian-add-css-attribtues-by-regex: Enables adding/removing CSS attributes to HTML tags on save based on Regex rules",
      "url": "https://github.com/pmcintyre3/obsidian-add-css-attribtues-by-regex",
      "description": "",
      "category": [
        "ROOT",
        "测评"
      ],
      "tags": "",
      "created": 1672912332232,
      "modified": 1672912332232
    },
    {
      "id": "-704007552",
      "name": "GitHub - saitjr/raycast-obsidian-feishu",
      "url": "https://github.com/saitjr/raycast-obsidian-feishu",
      "description": "",
      "category": [
        "ROOT"
      ],
      "tags": "",
      "created": 1672832776695,
      "modified": 1672832776695
    },
    {
      "id": "818866395",
      "name": "Releases · Quorafind/Obsidian-Surfing",
      "url": "https://github.com/Quorafind/Obsidian-Surfing/releases",
      "description": "",
      "category": [
        "ROOT"
      ],
      "tags": "",
      "created": 1672832757305,
      "modified": 1672832757306
    },
    {
      "id": "-1168792160",
      "name": "Obsidian-Surfing",
      "url": "https://github.com/Quorafind/Obsidian-Surfing",
      "description": "浏览器插件",
      "tags": "浏览器",
      "created": 1672832580000,
      "modified": 1672832700000
    }
  ],
  "categories": [
    {
      "value": "ROOT",
      "text": "ROOT",
      "label": "ROOT",
      "children": []
    }
  ]
}