{
  "main": {
    "id": "897c66d1197e3ea6",
    "type": "split",
    "children": [
      {
        "id": "49e9d477a9643137",
        "type": "tabs",
        "children": [
          {
            "id": "65fd6364fefa9d31",
            "type": "leaf",
            "state": {
              "type": "markdown",
              "state": {
                "file": "TEST/123.md",
                "mode": "preview",
                "source": false
              }
            },
            "group": "1ef73e40f8b37a14"
          }
        ]
      },
      {
        "id": "b8a9a81463a2f614",
        "type": "tabs",
        "children": [
          {
            "id": "98aea1c43991483c",
            "type": "leaf",
            "state": {
              "type": "markdown",
              "state": {
                "file": "TEST/123.md",
                "mode": "preview",
                "source": false
              }
            },
            "group": "1ef73e40f8b37a14"
          }
        ]
      }
    ],
    "direction": "vertical"
  },
  "left": {
    "id": "a0810978ecdd8dd2",
    "type": "split",
    "children": [
      {
        "id": "3ac80f31e9938bbc",
        "type": "tabs",
        "children": [
          {
            "id": "37991ffd6c7656b9",
            "type": "leaf",
            "state": {
              "type": "file-explorer",
              "state": {
                "sortOrder": "alphabetical"
              }
            }
          },
          {
            "id": "cf56e2ec6bddb3af",
            "type": "leaf",
            "state": {
              "type": "search",
              "state": {
                "query": "wei",
                "matchingCase": false,
                "explainSearch": false,
                "collapseAll": false,
                "extraContext": false,
                "sortOrder": "alphabetical"
              }
            }
          },
          {
            "id": "f1a03e29c742a0be",
            "type": "leaf",
            "state": {
              "type": "starred",
              "state": {}
            }
          }
        ]
      }
    ],
    "direction": "horizontal",
    "width": 300,
    "collapsed": true
  },
  "right": {
    "id": "447bba6f1c98c94d",
    "type": "split",
    "children": [
      {
        "id": "acdc935df24d4499",
        "type": "tabs",
        "children": [
          {
            "id": "fc3f5cc299120f66",
            "type": "leaf",
            "state": {
              "type": "backlink",
              "state": {
                "file": "TEST/123.md",
                "collapseAll": false,
                "extraContext": false,
                "sortOrder": "alphabetical",
                "showSearch": false,
                "searchQuery": "",
                "backlinkCollapsed": false,
                "unlinkedCollapsed": true
              }
            }
          },
          {
            "id": "af6d5a4470f9a38f",
            "type": "leaf",
            "state": {
              "type": "outgoing-link",
              "state": {
                "file": "TEST/123.md",
                "linksCollapsed": false,
                "unlinkedCollapsed": true
              }
            }
          },
          {
            "id": "6f1a7264664b178e",
            "type": "leaf",
            "state": {
              "type": "tag",
              "state": {
                "sortOrder": "frequency",
                "useHierarchy": true
              }
            }
          },
          {
            "id": "529006dfd7940776",
            "type": "leaf",
            "state": {
              "type": "outline",
              "state": {
                "file": "TEST/123.md"
              }
            }
          },
          {
            "id": "2bd231a2caed31d1",
            "type": "leaf",
            "state": {
              "type": "reading-comments",
              "state": {}
            }
          }
        ],
        "currentTab": 4
      }
    ],
    "direction": "horizontal",
    "width": 357.5,
    "collapsed": true
  },
  "left-ribbon": {
    "hiddenItems": {
      "switcher:打开快速切换": false,
      "graph:查看关系图谱": false,
      "daily-notes:打开/创建今天的日记": false,
      "templates:插入模板": false,
      "command-palette:打开命令面板": false,
      "canvas:Create new canvas": false,
      "footlinks:Footlinks": false,
      "obsidian-excalidraw-plugin:新建 Excalidraw 绘图": false
    }
  },
  "active": "65fd6364fefa9d31",
  "lastOpenFiles": [
    "TEST/20230104075037.km.md",
    "TEST/123.md",
    "TEST/未命名/未命名.md",
    "135.epub",
    "135.md",
    "未命名 1.md",
    "未命名 2.md",
    "Context/WebArchiver.md",
    "Context/Context.md",
    "Excalidraw/Drawing 2023-01-30 11.02.31.excalidraw.md"
  ]
}